SERVICE_START_YEAR,TOTAL_COST_AMT
2023,1217306.0799999982
2024,1256336.9350000024
